round,test_acc
0,0.009245742092457421
1,0.22481751824817517
2,0.25644768856447686
3,0.2725060827250608
4,0.3075425790754258
5,0.32652068126520684
6,0.3343065693430657
7,0.3416058394160584
8,0.36253041362530414
9,0.37518248175182484
10,0.405352798053528
11,0.4092457420924574
12,0.4170316301703163
13,0.4316301703163017
14,0.42773722627737226
15,0.42238442822384425
16,0.4554744525547445
17,0.44720194647201944
18,0.4515815085158151
19,0.46034063260340635
20,0.46277372262773725
21,0.45985401459854014
22,0.46472019464720193
23,0.47493917274939174
24,0.4686131386861314
25,0.46277372262773725
26,0.49148418491484186
27,0.46763990267639904
28,0.4744525547445255
29,0.47493917274939174
30,0.48126520681265206
31,0.4856447688564477
32,0.4978102189781022
33,0.4832116788321168
34,0.4807785888077859
35,0.4905109489051095
36,0.4734793187347932
37,0.4827250608272506
38,0.4929440389294404
39,0.4851581508515815
40,0.47883211678832116
41,0.4802919708029197
42,0.48759124087591244
43,0.478345498783455
44,0.491970802919708
45,0.49148418491484186
46,0.4851581508515815
47,0.48856447688564475
48,0.4827250608272506
49,0.4948905109489051
50,0.48613138686131385
51,0.5017031630170317
52,0.491970802919708
53,0.48905109489051096
54,0.49245742092457423
55,0.48418491484184917
56,0.48613138686131385
57,0.5002433090024331
58,0.4978102189781022
59,0.4846715328467153
60,0.4846715328467153
61,0.48613138686131385
62,0.48369829683698295
63,0.48661800486618007
64,0.48856447688564475
65,0.48418491484184917
66,0.4827250608272506
67,0.49391727493917276
68,0.49245742092457423
69,0.49635036496350365
70,0.49245742092457423
71,0.49391727493917276
72,0.4905109489051095
73,0.4895377128953771
74,0.4895377128953771
75,0.4905109489051095
76,0.4846715328467153
77,0.48369829683698295
78,0.48905109489051096
79,0.49391727493917276
80,0.4895377128953771
81,0.49148418491484186
82,0.4832116788321168
83,0.49245742092457423
84,0.4905109489051095
85,0.4827250608272506
86,0.48175182481751827
87,0.491970802919708
88,0.4880778588807786
89,0.4871046228710462
90,0.48759124087591244
91,0.49148418491484186
92,0.4871046228710462
93,0.4807785888077859
94,0.4846715328467153
95,0.47980535279805353
96,0.48759124087591244
97,0.4827250608272506
98,0.48856447688564475
99,0.491970802919708
100,0.4846715328467153
101,0.491970802919708
102,0.4895377128953771
103,0.4880778588807786
104,0.48369829683698295
105,0.4832116788321168
106,0.4895377128953771
107,0.4846715328467153
108,0.4851581508515815
109,0.4778588807785888
110,0.48661800486618007
111,0.48418491484184917
112,0.4827250608272506
113,0.48905109489051096
114,0.48661800486618007
115,0.49245742092457423
116,0.48905109489051096
117,0.49148418491484186
118,0.48661800486618007
119,0.4856447688564477
120,0.4871046228710462
121,0.48661800486618007
122,0.48856447688564475
123,0.48759124087591244
124,0.48613138686131385
125,0.48759124087591244
126,0.49245742092457423
127,0.49148418491484186
128,0.4832116788321168
129,0.4846715328467153
130,0.4880778588807786
131,0.4871046228710462
132,0.4827250608272506
133,0.4851581508515815
134,0.4880778588807786
135,0.4895377128953771
136,0.48759124087591244
137,0.48759124087591244
138,0.48613138686131385
139,0.48613138686131385
140,0.4905109489051095
141,0.48759124087591244
142,0.4895377128953771
143,0.4846715328467153
144,0.4871046228710462
145,0.4880778588807786
146,0.49148418491484186
147,0.4895377128953771
148,0.48613138686131385
149,0.48856447688564475
150,0.4851581508515815
151,0.48856447688564475
152,0.4895377128953771
153,0.48759124087591244
154,0.48661800486618007
155,0.4846715328467153
156,0.4905109489051095
157,0.48369829683698295
158,0.4846715328467153
159,0.48661800486618007
160,0.4846715328467153
161,0.4827250608272506
162,0.48856447688564475
163,0.48418491484184917
164,0.49099756690997565
165,0.4851581508515815
166,0.4856447688564477
167,0.49148418491484186
168,0.4880778588807786
169,0.4856447688564477
170,0.4871046228710462
171,0.48661800486618007
172,0.4846715328467153
173,0.4846715328467153
174,0.48661800486618007
175,0.48905109489051096
176,0.48369829683698295
177,0.4880778588807786
178,0.4856447688564477
179,0.48613138686131385
180,0.4871046228710462
181,0.48856447688564475
182,0.48661800486618007
183,0.48661800486618007
184,0.48661800486618007
185,0.48661800486618007
186,0.48759124087591244
187,0.4856447688564477
188,0.48613138686131385
189,0.48613138686131385
190,0.4832116788321168
191,0.48759124087591244
192,0.4856447688564477
193,0.48418491484184917
194,0.48905109489051096
195,0.48905109489051096
196,0.4871046228710462
197,0.4871046228710462
198,0.48856447688564475
199,0.4905109489051095
200,0.48369829683698295
201,0.48661800486618007
202,0.4846715328467153
203,0.48905109489051096
204,0.48759124087591244
205,0.4851581508515815
206,0.4851581508515815
207,0.48661800486618007
208,0.48613138686131385
209,0.4846715328467153
210,0.4851581508515815
211,0.4851581508515815
212,0.48905109489051096
213,0.4880778588807786
214,0.4832116788321168
215,0.48661800486618007
216,0.4856447688564477
217,0.4851581508515815
218,0.4871046228710462
219,0.4880778588807786
220,0.48661800486618007
221,0.48661800486618007
222,0.4856447688564477
223,0.4851581508515815
224,0.48759124087591244
225,0.48856447688564475
226,0.4851581508515815
227,0.4871046228710462
228,0.4856447688564477
229,0.48661800486618007
230,0.4851581508515815
231,0.48759124087591244
232,0.4871046228710462
233,0.4846715328467153
234,0.4851581508515815
235,0.4856447688564477
236,0.48613138686131385
237,0.48661800486618007
238,0.4851581508515815
239,0.48856447688564475
240,0.4871046228710462
241,0.48759124087591244
242,0.48661800486618007
243,0.4856447688564477
244,0.4851581508515815
245,0.4856447688564477
246,0.4832116788321168
247,0.48418491484184917
248,0.4856447688564477
249,0.4871046228710462
250,0.4856447688564477
251,0.48661800486618007
252,0.4880778588807786
253,0.4856447688564477
254,0.48613138686131385
255,0.4856447688564477
256,0.48661800486618007
257,0.48418491484184917
258,0.48369829683698295
259,0.48369829683698295
260,0.4851581508515815
261,0.48418491484184917
262,0.4851581508515815
263,0.48613138686131385
264,0.48369829683698295
265,0.4846715328467153
266,0.4856447688564477
267,0.48369829683698295
268,0.48613138686131385
269,0.4851581508515815
270,0.4856447688564477
271,0.4846715328467153
272,0.48661800486618007
273,0.4846715328467153
274,0.4827250608272506
275,0.48418491484184917
276,0.48369829683698295
277,0.4827250608272506
278,0.48418491484184917
279,0.48418491484184917
280,0.48418491484184917
281,0.48369829683698295
282,0.4832116788321168
283,0.4856447688564477
284,0.48418491484184917
285,0.4851581508515815
286,0.48369829683698295
287,0.48369829683698295
288,0.4851581508515815
289,0.48369829683698295
290,0.4832116788321168
291,0.4856447688564477
292,0.4832116788321168
293,0.48369829683698295
294,0.4856447688564477
295,0.4851581508515815
296,0.48418491484184917
297,0.48418491484184917
298,0.4846715328467153
299,0.48418491484184917
300,0.4846715328467153
301,0.48418491484184917
302,0.4851581508515815
303,0.48418491484184917
304,0.48418491484184917
305,0.4851581508515815
306,0.48418491484184917
307,0.4846715328467153
308,0.48369829683698295
309,0.48418491484184917
310,0.4846715328467153
311,0.4846715328467153
312,0.48418491484184917
313,0.48418491484184917
314,0.48369829683698295
315,0.48369829683698295
316,0.4846715328467153
317,0.4846715328467153
318,0.4846715328467153
319,0.4851581508515815
320,0.4851581508515815
321,0.48418491484184917
322,0.48418491484184917
323,0.4832116788321168
324,0.48369829683698295
325,0.4832116788321168
326,0.48369829683698295
327,0.4856447688564477
328,0.48369829683698295
329,0.48418491484184917
330,0.4846715328467153
331,0.4851581508515815
332,0.48418491484184917
333,0.4851581508515815
334,0.4851581508515815
335,0.4846715328467153
336,0.4856447688564477
337,0.48613138686131385
338,0.4851581508515815
339,0.48369829683698295
340,0.48418491484184917
341,0.48418491484184917
342,0.4856447688564477
343,0.4856447688564477
344,0.4846715328467153
345,0.4846715328467153
346,0.4851581508515815
347,0.4846715328467153
348,0.4851581508515815
349,0.48369829683698295
350,0.48369829683698295
351,0.4846715328467153
352,0.48418491484184917
353,0.4856447688564477
354,0.4856447688564477
355,0.4856447688564477
356,0.4851581508515815
357,0.4856447688564477
358,0.4851581508515815
359,0.4846715328467153
360,0.4851581508515815
361,0.4846715328467153
362,0.4846715328467153
363,0.4846715328467153
364,0.4851581508515815
365,0.4846715328467153
366,0.4846715328467153
367,0.4851581508515815
368,0.4846715328467153
369,0.4856447688564477
370,0.48418491484184917
371,0.48418491484184917
372,0.4846715328467153
373,0.4851581508515815
374,0.4846715328467153
375,0.4851581508515815
376,0.4846715328467153
377,0.4856447688564477
378,0.4851581508515815
379,0.4856447688564477
380,0.4851581508515815
381,0.4846715328467153
382,0.4851581508515815
383,0.4851581508515815
384,0.4851581508515815
385,0.48613138686131385
386,0.48418491484184917
387,0.4851581508515815
388,0.4851581508515815
389,0.4851581508515815
390,0.4856447688564477
391,0.4851581508515815
392,0.4856447688564477
393,0.4856447688564477
394,0.4856447688564477
395,0.4851581508515815
396,0.4851581508515815
397,0.4851581508515815
398,0.4846715328467153
399,0.4846715328467153
400,0.4851581508515815
401,0.4851581508515815
402,0.4851581508515815
403,0.4851581508515815
404,0.4851581508515815
405,0.4856447688564477
406,0.4851581508515815
407,0.4856447688564477
408,0.4851581508515815
409,0.4851581508515815
410,0.4851581508515815
411,0.4851581508515815
412,0.4851581508515815
413,0.4851581508515815
414,0.4851581508515815
415,0.4851581508515815
416,0.4856447688564477
417,0.4851581508515815
418,0.4851581508515815
419,0.4856447688564477
420,0.4856447688564477
421,0.4851581508515815
422,0.4851581508515815
423,0.4851581508515815
424,0.4851581508515815
425,0.4851581508515815
426,0.4851581508515815
427,0.4851581508515815
428,0.4851581508515815
429,0.4846715328467153
430,0.4851581508515815
431,0.4851581508515815
432,0.4851581508515815
433,0.4851581508515815
434,0.4856447688564477
435,0.4851581508515815
436,0.4851581508515815
437,0.4851581508515815
438,0.4851581508515815
439,0.4851581508515815
440,0.4851581508515815
441,0.4851581508515815
442,0.4851581508515815
443,0.4851581508515815
444,0.4851581508515815
445,0.4851581508515815
446,0.4851581508515815
447,0.4851581508515815
448,0.4851581508515815
449,0.4851581508515815
450,0.4851581508515815
451,0.4851581508515815
452,0.4851581508515815
453,0.4856447688564477
454,0.4851581508515815
455,0.4851581508515815
456,0.4851581508515815
457,0.4851581508515815
458,0.4851581508515815
459,0.4851581508515815
460,0.4856447688564477
461,0.4856447688564477
462,0.4856447688564477
463,0.4856447688564477
464,0.4856447688564477
465,0.4856447688564477
466,0.4851581508515815
467,0.4856447688564477
468,0.4856447688564477
469,0.4856447688564477
470,0.4851581508515815
471,0.4851581508515815
472,0.4856447688564477
473,0.4851581508515815
474,0.4851581508515815
475,0.4851581508515815
476,0.4851581508515815
477,0.4856447688564477
478,0.4856447688564477
479,0.4856447688564477
480,0.4856447688564477
481,0.4856447688564477
482,0.4851581508515815
483,0.4851581508515815
484,0.4851581508515815
485,0.4851581508515815
486,0.4851581508515815
487,0.4851581508515815
488,0.4856447688564477
489,0.4851581508515815
490,0.4851581508515815
491,0.4851581508515815
492,0.4856447688564477
493,0.4851581508515815
494,0.4851581508515815
495,0.4851581508515815
496,0.4856447688564477
497,0.4856447688564477
498,0.4856447688564477
499,0.4856447688564477
500,0.4856447688564477
501,0.4856447688564477
502,0.4856447688564477
503,0.4856447688564477
504,0.4856447688564477
505,0.4856447688564477
506,0.4856447688564477
507,0.4856447688564477
508,0.4856447688564477
509,0.4856447688564477
510,0.4856447688564477
511,0.4851581508515815
512,0.4851581508515815
513,0.4856447688564477
514,0.4856447688564477
515,0.4856447688564477
516,0.4856447688564477
517,0.4856447688564477
518,0.4856447688564477
519,0.4856447688564477
520,0.4856447688564477
521,0.4856447688564477
522,0.4856447688564477
523,0.4856447688564477
524,0.4856447688564477
525,0.4856447688564477
526,0.4856447688564477
527,0.4851581508515815
528,0.4851581508515815
529,0.4851581508515815
530,0.4851581508515815
531,0.4851581508515815
532,0.4851581508515815
533,0.4851581508515815
534,0.4851581508515815
535,0.4851581508515815
536,0.4851581508515815
537,0.4851581508515815
538,0.4851581508515815
539,0.4851581508515815
540,0.4856447688564477
541,0.4856447688564477
542,0.4851581508515815
543,0.4856447688564477
544,0.4856447688564477
545,0.4856447688564477
546,0.4856447688564477
547,0.4851581508515815
548,0.4851581508515815
549,0.4851581508515815
550,0.4851581508515815
551,0.4851581508515815
552,0.4851581508515815
553,0.4851581508515815
554,0.4851581508515815
555,0.4851581508515815
556,0.4851581508515815
557,0.4851581508515815
558,0.4851581508515815
559,0.4851581508515815
560,0.4851581508515815
561,0.4851581508515815
562,0.4851581508515815
563,0.4851581508515815
564,0.4851581508515815
565,0.4851581508515815
566,0.4851581508515815
567,0.4851581508515815
568,0.4851581508515815
569,0.4851581508515815
570,0.4851581508515815
571,0.4851581508515815
572,0.4851581508515815
573,0.4851581508515815
574,0.4851581508515815
575,0.4851581508515815
576,0.4851581508515815
577,0.4851581508515815
578,0.4851581508515815
579,0.4851581508515815
580,0.4851581508515815
581,0.4851581508515815
582,0.4851581508515815
583,0.4851581508515815
584,0.4851581508515815
585,0.4851581508515815
586,0.4851581508515815
587,0.4851581508515815
588,0.4851581508515815
589,0.4851581508515815
590,0.4851581508515815
591,0.4851581508515815
592,0.4851581508515815
593,0.4851581508515815
594,0.4851581508515815
595,0.4851581508515815
596,0.4851581508515815
597,0.4851581508515815
598,0.4851581508515815
599,0.4851581508515815
600,0.4851581508515815
